;Playlist Origin;Playlist order;Artist;Track Name;Album Name;Album Release Date;Track Number;Track Popularity;Track Id;Track Duration MS;Danceability;Energy;Key;Loudness;Mode;Speechiness;Acousticness;Instrumentalness;Liveness;Valence;Tempo;Valence;Track_href;Time_signature;uri;Genres
0;MG_Top100_18;1;Therapie TAXI;Hit Sale (feat. Roméo Elvis);Hit Sale;2018-02-02;1;67;3yndKI4zWEyC36BQYrdKBA;184400;0.573;0.784;9;-5.224;1;0.0591;0.141;0;0.0844;0.69;82.009;0.69;https://api.spotify.com/v1/tracks/3yndKI4zWEyC36BQYrdKBA;4;spotify:track:3yndKI4zWEyC36BQYrdKBA;['french indie pop', 'french indietronica']
1;MG_Top100_18;2;Degiheugi;Betty;Endless Smile;2015-05-05;1;49;23EOmJivOZ88WJPUbIPjh6;235534;0.745;0.494;1;-8.393;0;0.0347;0.211;0.723;0.226;0.572;91.988;0.572;https://api.spotify.com/v1/tracks/23EOmJivOZ88WJPUbIPjh6;4;spotify:track:23EOmJivOZ88WJPUbIPjh6;['electro swing', 'french indietronica', 'nu jazz']
2;MG_Top100_18;3;Vendredi sur Mer;Larme à gauche;Larme à gauche;2017-10-27;1;29;5NEIE6g02k2ouitDWRNEB9;178056;0.754;0.758;2;-8.626;0;0.0517;0.108;0.593;0.25;0.562;120.086;0.562;https://api.spotify.com/v1/tracks/5NEIE6g02k2ouitDWRNEB9;4;spotify:track:5NEIE6g02k2ouitDWRNEB9;['french indie pop', 'french indietronica']
3;MG_Top100_18;4;Milky Chance;Blossom;Blossom (Deluxe);2017-03-17;1;57;0fHZirprNSLEc1OLs1OiwL;254586;0.749;0.691;4;-6.592;1;0.0284;0.0302;2.63e-05;0.0746;0.845;120.036;0.845;https://api.spotify.com/v1/tracks/0fHZirprNSLEc1OLs1OiwL;4;spotify:track:0fHZirprNSLEc1OLs1OiwL;['german pop']
4;MG_Top100_18;5;Disiz La Peste;Qu'ils ont de la chance;Pacifique;2017-06-09;1;1;7zGvPBQcilm3LgIn6HXfNy;282052;0.703;0.408;10;-10.303;1;0.0341;0.776;0.000154;0.284;0.438;137.91;0.438;https://api.spotify.com/v1/tracks/7zGvPBQcilm3LgIn6HXfNy;4;spotify:track:7zGvPBQcilm3LgIn6HXfNy;['french hip hop', 'rap conscient', 'trap francais']
5;MG_Top100_18;6;Her;Five Minutes;Her Tape #1;2016-01-15;1;10;1dOJtXmqzWgqAw5hX8CJdP;224672;0.614;0.543;10;-7.641;0;0.0622;0.379;0.000384;0.0747;0.396;100.038;0.396;https://api.spotify.com/v1/tracks/1dOJtXmqzWgqAw5hX8CJdP;4;spotify:track:1dOJtXmqzWgqAw5hX8CJdP;['french indie pop', 'french indietronica']
6;MG_Top100_18;7;Louise Attaque;J't'emmène au vent;Louise Attaque;1997-04-22;1;62;0Wr98MVkENZXddiLB3bPb0;184173;0.567;0.771;6;-5.577;1;0.0365;0.252;0;0.101;0.596;137.014;0.596;https://api.spotify.com/v1/tracks/0Wr98MVkENZXddiLB3bPb0;4;spotify:track:0Wr98MVkENZXddiLB3bPb0;['chanson', 'french reggae', 'french rock']
7;MG_Top100_18;8;Feu! Chatterton;Tes yeux verts;L’oiseleur;2018-03-09;1;0;1t5jimUbPopa4p8fkvjz9U;201146;0.353;0.642;10;-8.619;1;0.065;0.262;0.00288;0.107;0.149;74.692;0.149;https://api.spotify.com/v1/tracks/1t5jimUbPopa4p8fkvjz9U;4;spotify:track:1t5jimUbPopa4p8fkvjz9U;['chanson', 'french indie pop', 'french indietronica', 'french rock']
8;MG_Top100_18;9;Ben Mazué;La résiliation;Il nous restera ça (Réédition);2016-06-17;1;23;3o4WpCc8Hpi1WU0heMqrMO;158333;0.651;0.668;9;-9.213;0;0.384;0.155;0;0.283;0.573;111.766;0.573;https://api.spotify.com/v1/tracks/3o4WpCc8Hpi1WU0heMqrMO;4;spotify:track:3o4WpCc8Hpi1WU0heMqrMO;['french indie pop', 'french indietronica', 'french rock']
9;MG_Top100_18;10;Valerie June;Wanna Be On Your Mind;Pushin' Against a Stone;2013-05-06;1;41;4lIJVHBHjMMkOmr47TWVfm;236364;0.626;0.547;11;-6.73;0;0.0282;0.252;0.0266;0.212;0.795;75.363;0.795;https://api.spotify.com/v1/tracks/4lIJVHBHjMMkOmr47TWVfm;4;spotify:track:4lIJVHBHjMMkOmr47TWVfm;['alternative americana', 'folk-pop', 'new americana']
10;MG_Top100_18;11;Grand Corps Malade;Course contre la honte;Funambule;2013-10-28;1;0;2vUlRQZkKr7gM2gawZMaDt;379826;0.716;0.729;8;-7.814;1;0.304;0.317;0;0.123;0.349;136.08;0.349;https://api.spotify.com/v1/tracks/2vUlRQZkKr7gM2gawZMaDt;4;spotify:track:2vUlRQZkKr7gM2gawZMaDt;['chanson', 'french pop', 'french rock']
11;MG_Top100_18;12;Therapie TAXI;Salop(e);Hit Sale;2018-02-02;1;61;2K9mcH5jYpO88m1nv8fGTf;236640;0.525;0.837;0;-4.399;0;0.0727;0.0634;0;0.281;0.667;92.926;0.667;https://api.spotify.com/v1/tracks/2K9mcH5jYpO88m1nv8fGTf;4;spotify:track:2K9mcH5jYpO88m1nv8fGTf;['french indie pop', 'french indietronica']
12;MG_Top100_18;13;Cuco;Lo Que Siento;Lo Que Siento;2017-06-02;1;10;5DC7q4EVZt2vEMZFx4IpzG;312000;0.329;0.685;10;-5.588;1;0.17;0.509;0;0.428;0.412;87.986;0.412;https://api.spotify.com/v1/tracks/5DC7q4EVZt2vEMZFx4IpzG;5;spotify:track:5DC7q4EVZt2vEMZFx4IpzG;['dream pop']
13;MG_Top100_18;14;Vendredi sur Mer;Mort / fine;Mort / fine;2015-03-09;1;42;3bspydyHKdkhZrY4oRuWrn;188888;0.902;0.416;2;-9.142;0;0.0663;0.473;0.659;0.0977;0.747;107.985;0.747;https://api.spotify.com/v1/tracks/3bspydyHKdkhZrY4oRuWrn;4;spotify:track:3bspydyHKdkhZrY4oRuWrn;['french indie pop', 'french indietronica']
14;MG_Top100_18;15;Balthazar;Bunker;Bunker;2015-03-23;1;28;73WCC44AmFoMxhDS7lOnQ5;291280;0.688;0.442;10;-8.889;0;0.035;0.217;0.0206;0.165;0.237;106.96;0.237;https://api.spotify.com/v1/tracks/73WCC44AmFoMxhDS7lOnQ5;4;spotify:track:73WCC44AmFoMxhDS7lOnQ5;['belgian indie', 'belgian rock', 'chamber pop', 'dutch indie', 'dutch rock']
15;MG_Top100_18;16;Disiz La Peste;Radeau;Pacifique;2017-06-09;1;0;3MXg2reRN8L30TYqVlYEf3;298961;0.584;0.433;1;-9.892;1;0.0585;0.145;0.00113;0.103;0.0929;124.801;0.0929;https://api.spotify.com/v1/tracks/3MXg2reRN8L30TYqVlYEf3;4;spotify:track:3MXg2reRN8L30TYqVlYEf3;['french hip hop', 'rap conscient', 'trap francais']
16;MG_Top100_18;17;Najwa Karam;Ayne Be Ainak;Halayla Mafi Noum;2011-06-28;1;15;0aYBFhRDr9fUPBrQNASmU3;256078;0.738;0.767;4;-4.777;0;0.103;0.174;0;0.0765;0.746;112.019;0.746;https://api.spotify.com/v1/tracks/0aYBFhRDr9fUPBrQNASmU3;4;spotify:track:0aYBFhRDr9fUPBrQNASmU3;['arab pop', 'belly dance', 'lebanese pop']
17;MG_Top100_18;18;TZU;We Got The Feeling;Computer Love;2008-06-28;1;13;3ZljZkuHU6OZHYQjuqwrAH;232466;0.763;0.825;5;-3.992;1;0.0599;0.00774;1.15e-06;0.561;0.533;117.464;0.533;https://api.spotify.com/v1/tracks/3ZljZkuHU6OZHYQjuqwrAH;4;spotify:track:3ZljZkuHU6OZHYQjuqwrAH;['australian underground hip hop']
18;MG_Top100_18;19;Parcels;Tieduprightnow;Tieduprightnow;2018-04-27;1;64;66tkDkPsznE5zIHNt4QkXB;249956;0.863;0.533;5;-7.986;0;0.0484;0.291;0.00126;0.0794;0.738;102.025;0.738;https://api.spotify.com/v1/tracks/66tkDkPsznE5zIHNt4QkXB;4;spotify:track:66tkDkPsznE5zIHNt4QkXB;['aussietronica', 'french indietronica']
19;MG_Top100_18;20;Saez;Mon Européenne;Le Manifeste Lulu (Mon Européenne) - EP;2017-05-05;1;43;1tbgTtEZTGDf3EGVoaKu0D;333360;0.679;0.778;1;-6.688;0;0.125;0.354;0;0.0802;0.822;109.975;0.822;https://api.spotify.com/v1/tracks/1tbgTtEZTGDf3EGVoaKu0D;4;spotify:track:1tbgTtEZTGDf3EGVoaKu0D;['french indie pop', 'french reggae', 'french rock']
20;MG_Top100_18;21;Queen;We Will Rock You - Remastered;News Of The World (2011 Remaster);1977-10-28;1;81;4pbJqGIASGPr0ZpGpnWkDn;122066;0.692;0.497;2;-7.316;1;0.119;0.676;0;0.259;0.475;81.308;0.475;https://api.spotify.com/v1/tracks/4pbJqGIASGPr0ZpGpnWkDn;4;spotify:track:4pbJqGIASGPr0ZpGpnWkDn;['glam rock', 'rock']
21;MG_Top100_18;22;Major Lazer;Know No Better (feat. Travis Scott, Camila Cabello & Quavo);Know No Better;2017-06-01;1;59;7LJkGyL4vVrtn1mho7BmtA;225849;0.738;0.814;7;-4.414;0;0.0999;0.132;9.64e-06;0.126;0.483;119.041;0.483;https://api.spotify.com/v1/tracks/7LJkGyL4vVrtn1mho7BmtA;4;spotify:track:7LJkGyL4vVrtn1mho7BmtA;['dance pop', 'edm', 'electro house', 'moombahton', 'pop', 'tropical house']
22;MG_Top100_18;23;Therapie TAXI;Cri des loups;Hit Sale;2018-02-02;1;54;6YfA6vVnu3Ymc9x7sd7Fmp;217306;0.599;0.77;0;-6.05;1;0.0316;0.00128;0.0227;0.183;0.433;100.001;0.433;https://api.spotify.com/v1/tracks/6YfA6vVnu3Ymc9x7sd7Fmp;4;spotify:track:6YfA6vVnu3Ymc9x7sd7Fmp;['french indie pop', 'french indietronica']
23;MG_Top100_18;24;Kazy Lambist;Headson;Headson;2014-06-30;1;59;1i8S8b09hPcQEpi3U5cuwy;188000;0.814;0.454;0;-13.431;1;0.0417;0.383;6.63e-05;0.116;0.571;115.011;0.571;https://api.spotify.com/v1/tracks/1i8S8b09hPcQEpi3U5cuwy;4;spotify:track:1i8S8b09hPcQEpi3U5cuwy;['french indie pop', 'french indietronica', 'tropical house']
24;MG_Top100_18;25;Vendredi sur Mer;La femme à la peau bleue;La femme à la peau bleue;2016-04-08;1;33;4zwPwQmq7sEEUIJU5jUAO2;207923;0.675;0.649;11;-5.053;0;0.0751;0.429;0.491;0.228;0.244;100.012;0.244;https://api.spotify.com/v1/tracks/4zwPwQmq7sEEUIJU5jUAO2;4;spotify:track:4zwPwQmq7sEEUIJU5jUAO2;['french indie pop', 'french indietronica']
25;MG_Top100_18;26;Feu! Chatterton;Boeing;Boeing;2015-09-04;1;0;4rgFNdSfVsX7lIbYsOD4Xd;256573;0.645;0.847;4;-6.114;0;0.0679;0.183;2.37e-05;0.508;0.296;121.987;0.296;https://api.spotify.com/v1/tracks/4rgFNdSfVsX7lIbYsOD4Xd;4;spotify:track:4rgFNdSfVsX7lIbYsOD4Xd;['chanson', 'french indie pop', 'french indietronica', 'french rock']
26;MG_Top100_18;27;The Pirouettes;Un mec en or;L'importance des autres;2014-02-17;1;0;0n8FojHtwaZLPq7aqxRqgc;221836;0.696;0.762;0;-5.854;0;0.0334;0.00934;0.119;0.138;0.784;120.021;0.784;https://api.spotify.com/v1/tracks/0n8FojHtwaZLPq7aqxRqgc;4;spotify:track:0n8FojHtwaZLPq7aqxRqgc;['french indie pop', 'french indietronica']
27;MG_Top100_18;28;Grand Corps Malade;J'ai mis des mots;Funambule;2013-10-28;1;0;6XZg0I2cV0RbiqLQ3K3OsN;208106;0.768;0.828;11;-6.504;0;0.0926;0.0417;3.26e-05;0.0543;0.639;110.005;0.639;https://api.spotify.com/v1/tracks/6XZg0I2cV0RbiqLQ3K3OsN;4;spotify:track:6XZg0I2cV0RbiqLQ3K3OsN;['chanson', 'french pop', 'french rock']
28;MG_Top100_18;29;Sean Koch;Welcome to the Light;Natural Projection;2016-01-22;1;45;1dIaJHPmolbloqp9ZYW5tj;368572;0.59;0.426;8;-11.654;0;0.0364;0.516;0.00715;0.12;0.291;120.015;0.291;https://api.spotify.com/v1/tracks/1dIaJHPmolbloqp9ZYW5tj;4;spotify:track:1dIaJHPmolbloqp9ZYW5tj;['south african alternative', 'south african pop', 'south african rock']
29;MG_Top100_18;30;GYM;Your Woman;Your Woman - Single;2014;1;40;0dkduFMGQsmTd5D8CoGDYl;256068;0.786;0.786;7;-6.071;0;0.0293;0.022;0.00167;0.0975;0.883;102.975;0.883;https://api.spotify.com/v1/tracks/0dkduFMGQsmTd5D8CoGDYl;4;spotify:track:0dkduFMGQsmTd5D8CoGDYl;['french indietronica']
30;MG_Top100_18;31;Louise Attaque;Avec le temps;Anomalie;2016-01-29;1;37;27yBrNSfFgwUxf5NCSE9Ak;208040;0.633;0.821;10;-5.609;0;0.0332;0.0637;0;0.0946;0.431;120.014;0.431;https://api.spotify.com/v1/tracks/27yBrNSfFgwUxf5NCSE9Ak;4;spotify:track:27yBrNSfFgwUxf5NCSE9Ak;['chanson', 'french reggae', 'french rock']
31;MG_Top100_18;32;Eddy de Pretto;Random;Random;2018-01-19;1;3;0DuSkttRtAxHXX10mMOOe1;250986;0.589;0.606;7;-7.322;0;0.351;0.547;0;0.0918;0.471;106.724;0.471;https://api.spotify.com/v1/tracks/0DuSkttRtAxHXX10mMOOe1;5;spotify:track:0DuSkttRtAxHXX10mMOOe1;['french indie pop', 'french indietronica', 'pop quebecois']
32;MG_Top100_18;33;Queen;Don't Stop Me Now - Remastered;Jazz (2011 Remaster);1978-11-10;1;86;5T8EDUDqKcs6OSOwEsfqG7;209413;0.559;0.868;5;-5.276;1;0.17;0.0475;0.000176;0.776;0.609;156.295;0.609;https://api.spotify.com/v1/tracks/5T8EDUDqKcs6OSOwEsfqG7;4;spotify:track:5T8EDUDqKcs6OSOwEsfqG7;['glam rock', 'rock']
33;MG_Top100_18;34;Céline Dion;On ne change pas;S'il Suffisait D'aimer;1998-08-31;1;46;06T13g0Hh00zWwMjtpqIKU;248093;0.677;0.481;5;-10.623;1;0.0337;0.46;0.00354;0.0867;0.498;95.001;0.498;https://api.spotify.com/v1/tracks/06T13g0Hh00zWwMjtpqIKU;4;spotify:track:06T13g0Hh00zWwMjtpqIKU;['canadian pop', 'dance pop']
34;MG_Top100_18;35;Griefjoy;Lights On;Godspeed;2016-04-22;1;30;64vbCCGy5bn6oWgNDehbsh;207240;0.599;0.703;5;-7.953;0;0.0273;0.312;0.00228;0.293;0.506;89.973;0.506;https://api.spotify.com/v1/tracks/64vbCCGy5bn6oWgNDehbsh;4;spotify:track:64vbCCGy5bn6oWgNDehbsh;['french indie pop', 'french indietronica']
35;MG_Top100_18;36;Vendredi sur Mer;Les filles désir;Les filles désir;2017-04-21;1;28;3YH8r4ajTrXf3p2NVR9HHv;197351;0.486;0.532;3;-8.0;0;0.0821;0.371;0.0757;0.0941;0.346;79.105;0.346;https://api.spotify.com/v1/tracks/3YH8r4ajTrXf3p2NVR9HHv;4;spotify:track:3YH8r4ajTrXf3p2NVR9HHv;['french indie pop', 'french indietronica']
36;MG_Top100_18;37;Milky Chance;Bad Things;Blossom (Deluxe);2017-03-17;1;52;3ryeWcVpVuweKdOZILENPW;252893;0.798;0.494;0;-9.519;1;0.0685;0.565;0.000475;0.228;0.485;109.999;0.485;https://api.spotify.com/v1/tracks/3ryeWcVpVuweKdOZILENPW;4;spotify:track:3ryeWcVpVuweKdOZILENPW;['german pop']
37;MG_Top100_18;38;Therapie TAXI;Avec ta zouz;Avec ta zouz - Single;2018-10-11;1;55;0u6sbUTDp5aqisTMt5QBt7;200920;0.676;0.691;11;-6.14;0;0.122;0.0768;0;0.184;0.696;113.004;0.696;https://api.spotify.com/v1/tracks/0u6sbUTDp5aqisTMt5QBt7;4;spotify:track:0u6sbUTDp5aqisTMt5QBt7;['french indie pop', 'french indietronica']
38;MG_Top100_18;39;Gaël Faye;Solstice;Rythmes et botanique;2017-04-14;1;1;1ldfMeb4ViykLSQF9EQyxw;212387;0.51;0.492;2;-8.729;0;0.0983;0.221;6.64e-05;0.0838;0.238;89.119;0.238;https://api.spotify.com/v1/tracks/1ldfMeb4ViykLSQF9EQyxw;4;spotify:track:1ldfMeb4ViykLSQF9EQyxw;['french indie pop', 'french indietronica']
39;MG_Top100_18;40;Santigold;The Riot's Gone;Master of My Make-Believe;2012-04-16;1;32;6cFNmW8oCIzSYqFXI60BmO;209400;0.689;0.82;0;-6.627;1;0.0385;0.443;0.000676;0.112;0.658;113.951;0.658;https://api.spotify.com/v1/tracks/6cFNmW8oCIzSYqFXI60BmO;4;spotify:track:6cFNmW8oCIzSYqFXI60BmO;['alternative dance', 'art pop', 'dance-punk', 'electropop', 'escape room', 'folk-pop', 'indie pop', 'indie rock', 'indietronica', 'new rave']
40;MG_Top100_18;41;Antoine Villoutreix;Berlin;Les Vieux Souliers;2010-06-24;1;36;1h85QIWw637cPv1fHUX4jD;201351;0.921;0.2;1;-11.349;0;0.0549;0.816;0.000176;0.102;0.703;109.919;0.703;https://api.spotify.com/v1/tracks/1h85QIWw637cPv1fHUX4jD;4;spotify:track:1h85QIWw637cPv1fHUX4jD;[]
41;MG_Top100_18;42;Baden Baden;J'ai plongé dans le bruit;Mille éclairs;2014;1;30;4bvQRNegRyFu8HEcnYVBHi;218978;0.511;0.691;0;-7.106;1;0.0279;0.0331;4.31e-05;0.121;0.456;92.5;0.456;https://api.spotify.com/v1/tracks/4bvQRNegRyFu8HEcnYVBHi;4;spotify:track:4bvQRNegRyFu8HEcnYVBHi;['french indie pop']
42;MG_Top100_18;43;Kanye West;Gold Digger;Late Registration;2005-01-01;1;24;5XJJdNPkwmbUwE79gv0NxK;207626;0.646;0.696;1;-5.572;0;0.342;0.0192;0;0.0762;0.625;92.88;0.625;https://api.spotify.com/v1/tracks/5XJJdNPkwmbUwE79gv0NxK;4;spotify:track:5XJJdNPkwmbUwE79gv0NxK;['pop rap', 'rap']
43;MG_Top100_18;44;L'Impératrice;Erreur 404;Matahari;2018-03-02;1;51;1vP9T20M1JAuurEjYu80Bt;220506;0.723;0.258;3;-12.112;0;0.0353;0.382;0.438;0.131;0.456;95.019;0.456;https://api.spotify.com/v1/tracks/1vP9T20M1JAuurEjYu80Bt;4;spotify:track:1vP9T20M1JAuurEjYu80Bt;['filter house', 'french indie pop', 'french indietronica']
44;MG_Top100_18;45;Rachid Taha;Ecoute-moi camarade;Diwan 2;2006-01-01;1;39;7HCAJNB9VcFMvcwjYPh7pH;405080;0.559;0.607;3;-5.756;0;0.051;0.524;0.00285;0.0925;0.633;149.691;0.633;https://api.spotify.com/v1/tracks/7HCAJNB9VcFMvcwjYPh7pH;4;spotify:track:7HCAJNB9VcFMvcwjYPh7pH;['afropop', 'belly dance', 'classic arab pop', 'rai', 'world']
45;MG_Top100_18;46;Grand Corps Malade;L'heure des poètes;Il nous restera ça (Réédition);2016-06-17;1;28;3lVJfrPTK7syKC7bhna1J0;217040;0.693;0.661;8;-7.563;0;0.216;0.0505;0.214;0.305;0.64;96.027;0.64;https://api.spotify.com/v1/tracks/3lVJfrPTK7syKC7bhna1J0;4;spotify:track:3lVJfrPTK7syKC7bhna1J0;['chanson', 'french pop', 'french rock']
46;MG_Top100_18;47;Louise Attaque;Arrache-moi;Louise Attaque (20ème anniversaire);2017-11-03;1;29;3ckxJ9qPYL6dRjPYpaycFn;120866;0.455;0.267;9;-11.293;1;0.0432;0.117;0.00458;0.109;0.451;126.62;0.451;https://api.spotify.com/v1/tracks/3ckxJ9qPYL6dRjPYpaycFn;5;spotify:track:3ckxJ9qPYL6dRjPYpaycFn;['chanson', 'french reggae', 'french rock']
47;MG_Top100_18;48;Milky Chance;Firebird;Blossom (Deluxe);2017-03-17;1;53;7HFJ3tFuZcewzkQglQOtTZ;221640;0.756;0.647;2;-8.108;1;0.0347;0.0355;0.00873;0.17;0.395;109.987;0.395;https://api.spotify.com/v1/tracks/7HFJ3tFuZcewzkQglQOtTZ;4;spotify:track:7HFJ3tFuZcewzkQglQOtTZ;['german pop']
48;MG_Top100_18;49;Vendredi sur Mer;Les temps;Marée basse;2017-11-24;1;23;3sfhj3cnYgNewaD4ZIdLcO;183277;0.611;0.63;0;-8.248;0;0.0458;0.0186;0.27;0.0864;0.135;114.14;0.135;https://api.spotify.com/v1/tracks/3sfhj3cnYgNewaD4ZIdLcO;4;spotify:track:3sfhj3cnYgNewaD4ZIdLcO;['french indie pop', 'french indietronica']
49;MG_Top100_18;50;Black Atlass;Paris;Paris;2013-06-11;1;0;4HMhpOmnh8h3y0FR8eCGf7;337933;0.293;0.523;5;-9.409;1;0.0422;0.0502;0.0182;0.0866;0.0496;95.516;0.0496;https://api.spotify.com/v1/tracks/4HMhpOmnh8h3y0FR8eCGf7;3;spotify:track:4HMhpOmnh8h3y0FR8eCGf7;['trap soul']
50;MG_Top100_18;51;Bruno Mars;Finesse (Remix) [feat. Cardi B];Finesse (Remix) [feat. Cardi B];2017-12-20;1;82;3Vo4wInECJQuz9BIBMOu8i;217288;0.704;0.859;5;-4.877;0;0.0996;0.0185;0;0.0215;0.926;105.115;0.926;https://api.spotify.com/v1/tracks/3Vo4wInECJQuz9BIBMOu8i;4;spotify:track:3Vo4wInECJQuz9BIBMOu8i;['dance pop', 'pop', 'post-teen pop']
51;MG_Top100_18;52;Christine and the Queens;Girlfriend (feat. Dâm-Funk);Chris;2018-09-21;2;41;3ZYyaDmgU5ZGlPjkof9Jky;199706;0.819;0.602;0;-6.521;0;0.0408;0.0343;0.0017;0.184;0.809;110.018;0.809;https://api.spotify.com/v1/tracks/3ZYyaDmgU5ZGlPjkof9Jky;4;spotify:track:3ZYyaDmgU5ZGlPjkof9Jky;['art pop', 'metropopolis', 'shimmer pop']
52;MG_Top100_18;53;Amr Diab;Aghla Min Omry;Banadeek Ta'ala;2011-09-28;1;18;74xMp72IHy2d40xUMqjY2p;285857;0.707;0.903;7;-6.061;1;0.0348;0.068;0.00144;0.0769;0.898;128.472;0.898;https://api.spotify.com/v1/tracks/74xMp72IHy2d40xUMqjY2p;4;spotify:track:74xMp72IHy2d40xUMqjY2p;['arab pop', 'belly dance', 'egyptian pop', 'persian pop', 'rif']
53;MG_Top100_18;54;Faada Freddy;Little Black Sandals;Gospel Journey;2016-04-29;1;20;0rxwiRRlXlpwtClrhb7d67;241900;0.535;0.532;7;-9.395;1;0.0589;0.774;0;0.174;0.483;164.015;0.483;https://api.spotify.com/v1/tracks/0rxwiRRlXlpwtClrhb7d67;4;spotify:track:0rxwiRRlXlpwtClrhb7d67;[]
54;MG_Top100_18;55;Acid Arab;Tamuzica;Musique De France;2016-10-07;1;30;1SWc3RLBXqEVxIvUmsPqy8;452226;0.51;0.544;10;-10.834;1;0.0502;0.518;0.33;0.139;0.6;97.285;0.6;https://api.spotify.com/v1/tracks/1SWc3RLBXqEVxIvUmsPqy8;3;spotify:track:1SWc3RLBXqEVxIvUmsPqy8;['arab groove']
55;MG_Top100_18;56;SYML;Where's My Love - Piano Solo;Where's My Love;2017-07-07;1;73;4e3wYOolOau2A9D7GYqtSG;274493;0.539;0.0511;3;-16.503;1;0.0588;0.989;0.928;0.127;0.135;179.994;0.135;https://api.spotify.com/v1/tracks/4e3wYOolOau2A9D7GYqtSG;4;spotify:track:4e3wYOolOau2A9D7GYqtSG;['indie anthem-folk', 'indie cafe pop', 'indie folk']
56;MG_Top100_18;57;The Decemberists;Once in My Life;I'll Be Your Girl;2018-03-16;1;46;0N5y2WbBbor4wFvCWLBaqX;309053;0.479;0.705;10;-6.411;1;0.0345;0.0153;8.99e-05;0.0792;0.133;97.026;0.133;https://api.spotify.com/v1/tracks/0N5y2WbBbor4wFvCWLBaqX;4;spotify:track:0N5y2WbBbor4wFvCWLBaqX;['alternative rock', 'canadian indie', 'chamber pop', 'folk-pop', 'indie folk', 'indie pop', 'indie rock', 'modern rock', 'neo-psychedelic', 'pop rock', 'stomp and holler']
57;MG_Top100_18;58;Louise Attaque;Anomalie;Anomalie;2016-01-29;1;36;4lzxPainD9ovAzAAAeXoqs;189520;0.598;0.854;6;-6.512;0;0.0472;0.179;4.07e-06;0.145;0.433;123.992;0.433;https://api.spotify.com/v1/tracks/4lzxPainD9ovAzAAAeXoqs;4;spotify:track:4lzxPainD9ovAzAAAeXoqs;['chanson', 'french reggae', 'french rock']
58;MG_Top100_18;59;Future Islands;Through the Roses;The Far Field;2017-04-07;1;44;3cFS21wR7RUOp5GVFIPnw7;194973;0.653;0.654;10;-6.965;1;0.0318;0.0334;0.000606;0.0811;0.501;126.935;0.501;https://api.spotify.com/v1/tracks/3cFS21wR7RUOp5GVFIPnw7;4;spotify:track:3cFS21wR7RUOp5GVFIPnw7;['alternative dance', 'chillwave', 'indie pop', 'indie rock', 'indietronica', 'modern rock', 'neo-psychedelic', 'new rave']
59;MG_Top100_18;60;Vendredi sur Mer;L'amour avec toi;Marée basse;2017-11-24;1;28;20OWUY4NzEYSO98J6nCp3y;194217;0.804;0.555;4;-7.845;0;0.0903;0.32;1.85e-05;0.293;0.492;115.042;0.492;https://api.spotify.com/v1/tracks/20OWUY4NzEYSO98J6nCp3y;4;spotify:track:20OWUY4NzEYSO98J6nCp3y;['french indie pop', 'french indietronica']
60;MG_Top100_18;61;Jabberwocky;Photomaton - Jean Tonique Remix;Photomaton;2014-01-01;1;22;7KqWHoVEygbf9ZDizclCEj;259306;0.753;0.658;0;-8.705;1;0.0495;0.104;0.000719;0.0889;0.788;100.994;0.788;https://api.spotify.com/v1/tracks/7KqWHoVEygbf9ZDizclCEj;4;spotify:track:7KqWHoVEygbf9ZDizclCEj;['french indie pop', 'french indietronica', 'tropical house']
61;MG_Top100_18;62;Hiba Tawaji;La Bidayi W La Nihayi;La Bidayi W La Nihayi;2015-01-20;1;28;5O2dxxCJ2Zbyz6ObRpzvKM;338161;0.299;0.462;0;-7.017;1;0.0293;0.686;0;0.308;0.279;95.559;0.279;https://api.spotify.com/v1/tracks/5O2dxxCJ2Zbyz6ObRpzvKM;4;spotify:track:5O2dxxCJ2Zbyz6ObRpzvKM;['arab pop', 'lebanese pop']
62;MG_Top100_18;63;Kool Shen;Marche;Marche - Single;2013-11-22;1;48;2BIZLml6TRIrALbn0uGHr3;399761;0.469;0.892;4;-5.641;0;0.317;0.0776;0;0.382;0.491;88.976;0.491;https://api.spotify.com/v1/tracks/2BIZLml6TRIrALbn0uGHr3;4;spotify:track:2BIZLml6TRIrALbn0uGHr3;['french hip hop', 'rap conscient']
63;MG_Top100_18;64;The Lumineers;Ophelia;Cleopatra;2016-04-08;1;15;7bTwYGhBdSQ8vuXc76Xint;160097;0.667;0.58;5;-6.412;1;0.0286;0.605;0.000231;0.0849;0.579;76.241;0.579;https://api.spotify.com/v1/tracks/7bTwYGhBdSQ8vuXc76Xint;4;spotify:track:7bTwYGhBdSQ8vuXc76Xint;['folk-pop', 'indie folk', 'modern rock', 'stomp and holler']
64;MG_Top100_18;65;Feu! Chatterton;Souvenir - Radio edit;Souvenir (Radio edit);2017-11-24;1;0;3E0ar4wPCS371qylgPZSVK;327213;0.481;0.488;0;-9.099;1;0.039;0.162;0.000169;0.339;0.211;127.687;0.211;https://api.spotify.com/v1/tracks/3E0ar4wPCS371qylgPZSVK;4;spotify:track:3E0ar4wPCS371qylgPZSVK;['chanson', 'french indie pop', 'french indietronica', 'french rock']
65;MG_Top100_18;66;FIL BO RIVA;Like Eye Did;Like Eye Did;2016-06-20;1;27;0jbCu7DGbYIlgD2sIdbmGT;236933;0.509;0.468;0;-8.147;1;0.0739;0.494;5.03e-06;0.0695;0.389;110.35;0.389;https://api.spotify.com/v1/tracks/0jbCu7DGbYIlgD2sIdbmGT;4;spotify:track:0jbCu7DGbYIlgD2sIdbmGT;['german indie']
66;MG_Top100_18;67;Saez;Tous les gamins du monde;Tous les gamins du monde - Single;2016-11-10;1;38;4eqHFlsbHjGzDwyTIGwWTs;340392;0.707;0.48;9;-9.052;0;0.05;0.824;0;0.111;0.581;101.983;0.581;https://api.spotify.com/v1/tracks/4eqHFlsbHjGzDwyTIGwWTs;4;spotify:track:4eqHFlsbHjGzDwyTIGwWTs;['french indie pop', 'french reggae', 'french rock']
67;MG_Top100_18;68;Two Door Cinema Club;Sun;Beacon;2012-09-03;1;58;4jJEQg6mr3fQsUCYTwhBEZ;187720;0.647;0.534;4;-5.439;0;0.0279;0.011;0.000249;0.104;0.673;96.98;0.673;https://api.spotify.com/v1/tracks/4jJEQg6mr3fQsUCYTwhBEZ;4;spotify:track:4jJEQg6mr3fQsUCYTwhBEZ;['alternative dance', 'indie pop', 'indie rock', 'indietronica', 'irish rock', 'modern alternative rock', 'modern rock', 'northern irish indie', 'pop', 'rock']
68;MG_Top100_18;69;Eddy de Pretto;Jimmy;Cure;2018-03-02;1;3;0KWdQtL1drLuShFJbio07J;207560;0.642;0.616;7;-8.039;1;0.272;0.522;0;0.102;0.56;74.929;0.56;https://api.spotify.com/v1/tracks/0KWdQtL1drLuShFJbio07J;4;spotify:track:0KWdQtL1drLuShFJbio07J;['french indie pop', 'french indietronica', 'pop quebecois']
69;MG_Top100_18;70;Polo & Pan;Coeur d'artichaut;Dorothy - EP;2014-09-21;1;49;1yMgUG3iaxUq5bzaNc1nFK;210492;0.704;0.724;0;-8.202;0;0.0459;0.162;0.0853;0.0816;0.507;96.994;0.507;https://api.spotify.com/v1/tracks/1yMgUG3iaxUq5bzaNc1nFK;4;spotify:track:1yMgUG3iaxUq5bzaNc1nFK;['french indie pop', 'french indietronica']
70;MG_Top100_18;71;Vendredi sur Mer;Lune est l'autre;Marée basse;2017-11-24;1;24;6wstJG77DDlML5uTbFin0c;234212;0.611;0.639;11;-8.111;1;0.0347;0.01;0.0064;0.111;0.192;127.959;0.192;https://api.spotify.com/v1/tracks/6wstJG77DDlML5uTbFin0c;4;spotify:track:6wstJG77DDlML5uTbFin0c;['french indie pop', 'french indietronica']
71;MG_Top100_18;72;Therapie TAXI;Adena;EP;2017-03-10;1;47;5Ye9WqscOKU4iI2oIHeFbc;227243;0.567;0.77;7;-5.844;1;0.0267;0.00118;0.0046;0.105;0.352;149.973;0.352;https://api.spotify.com/v1/tracks/5Ye9WqscOKU4iI2oIHeFbc;4;spotify:track:5Ye9WqscOKU4iI2oIHeFbc;['french indie pop', 'french indietronica']
72;MG_Top100_18;73;Ibrahim Maalouf;Red & Black Light - Live At Zénith Nantes Métropole / 2016;Live Tracks - 2006/2016;2016-11-04;1;26;5LdlZQBNlSPSgSfqG8JWEf;659000;0.305;0.35;9;-13.296;0;0.0383;0.143;0.453;0.693;0.0682;134.073;0.0682;https://api.spotify.com/v1/tracks/5LdlZQBNlSPSgSfqG8JWEf;4;spotify:track:5LdlZQBNlSPSgSfqG8JWEf;['french jazz', 'jazz trumpet', 'world fusion']
73;MG_Top100_18;74;Happy Camper;A Single Life;A Single Life;2014-12-13;1;38;7cf37GhUivb7AaDQfaXzIY;180463;0.742;0.592;5;-7.726;0;0.0285;0.726;0.101;0.23;0.83;115.088;0.83;https://api.spotify.com/v1/tracks/7cf37GhUivb7AaDQfaXzIY;4;spotify:track:7cf37GhUivb7AaDQfaXzIY;['dutch indie']
74;MG_Top100_18;75;Grand Corps Malade;Les voyages en train;Midi 20;2006-03-27;1;1;5lBiNEAFV7FB56fM52szmv;171213;0.534;0.549;0;-10.802;1;0.425;0.846;0;0.114;0.881;82.791;0.881;https://api.spotify.com/v1/tracks/5lBiNEAFV7FB56fM52szmv;4;spotify:track:5lBiNEAFV7FB56fM52szmv;['chanson', 'french pop', 'french rock']
75;MG_Top100_18;76;Feu! Chatterton;L'ivresse;L’oiseleur;2018-03-09;1;1;4CFWfZhjJiUOy9nN8DzuBb;222573;0.437;0.567;2;-10.612;0;0.125;0.107;2.49e-06;0.0703;0.145;122.467;0.145;https://api.spotify.com/v1/tracks/4CFWfZhjJiUOy9nN8DzuBb;4;spotify:track:4CFWfZhjJiUOy9nN8DzuBb;['chanson', 'french indie pop', 'french indietronica', 'french rock']
76;MG_Top100_18;77;Laura Veirs;July Flame;July Flame;2010;1;38;3ozIdX70MSQCWalk9WdW5M;224440;0.66;0.468;6;-9.242;0;0.0296;0.431;0.281;0.114;0.339;124.492;0.339;https://api.spotify.com/v1/tracks/3ozIdX70MSQCWalk9WdW5M;4;spotify:track:3ozIdX70MSQCWalk9WdW5M;['chamber pop', 'folk-pop', 'freak folk', 'indie folk']
77;MG_Top100_18;78;Fredrika Stahl;Pull up Your Sleeves;Tomorrow (Original Motion Picture Soundtrack);2016-04-29;1;33;21xptCc70rw4eUDQ6MrWkk;216133;0.743;0.434;8;-7.451;1;0.0388;0.377;3.43e-05;0.116;0.202;135.993;0.202;https://api.spotify.com/v1/tracks/21xptCc70rw4eUDQ6MrWkk;4;spotify:track:21xptCc70rw4eUDQ6MrWkk;['swedish jazz']
78;MG_Top100_18;79;Raury;God's Whisper;God's Whisper;2014-07-29;1;44;5H5yQqdVJSK9VW5fxMUI4M;243706;0.617;0.535;9;-10.07;0;0.0319;0.129;0.274;0.1;0.461;144.009;0.461;https://api.spotify.com/v1/tracks/5H5yQqdVJSK9VW5fxMUI4M;3;spotify:track:5H5yQqdVJSK9VW5fxMUI4M;['indie r&b', 'underground hip hop']
79;MG_Top100_18;80;Jeanne Cherhal;Quand nous aurons cent ans;Il nous restera ça (Réédition);2016-06-17;1;18;3RVNdUpQjeIoOjMNmUF6un;177840;0.389;0.592;1;-9.109;1;0.222;0.0287;0.539;0.103;0.636;150.067;0.636;https://api.spotify.com/v1/tracks/3RVNdUpQjeIoOjMNmUF6un;4;spotify:track:3RVNdUpQjeIoOjMNmUF6un;['chanson', 'french folk pop', 'french rock']
80;MG_Top100_18;81;Cigarettes After Sex;Apocalypse;Cigarettes After Sex;2017-06-09;1;67;7McZS9J6h0SKoZBR6cfcFe;290616;0.369;0.465;5;-9.017;1;0.0277;0.0211;0.6;0.109;0.177;94.435;0.177;https://api.spotify.com/v1/tracks/7McZS9J6h0SKoZBR6cfcFe;4;spotify:track:7McZS9J6h0SKoZBR6cfcFe;['dream pop', 'el paso indie', 'shoegaze']
81;MG_Top100_18;82;Disiz La Peste;Bonnie sans Clyde;Rap Machine;2015-06-01;1;39;5AN0g1cjWAgXOTiDer7vHi;240426;0.743;0.592;1;-6.217;1;0.0767;0.546;0;0.177;0.471;116.942;0.471;https://api.spotify.com/v1/tracks/5AN0g1cjWAgXOTiDer7vHi;4;spotify:track:5AN0g1cjWAgXOTiDer7vHi;['french hip hop', 'rap conscient', 'trap francais']
82;MG_Top100_18;83;Major Lazer;Come On To Me (feat. Sean Paul);Apocalypse Soon;2014-02-24;1;37;1ZrFWlyLNyxiRLnxqV8Fqo;212490;0.486;0.888;2;-2.12;1;0.058;0.0748;0;0.102;0.337;110.052;0.337;https://api.spotify.com/v1/tracks/1ZrFWlyLNyxiRLnxqV8Fqo;4;spotify:track:1ZrFWlyLNyxiRLnxqV8Fqo;['dance pop', 'edm', 'electro house', 'moombahton', 'pop', 'tropical house']
83;MG_Top100_18;84;Orange Blossom;Denya;Everything Must Change;2005-02-28;1;17;1bqnlXOOmMHOXewfgAkSj8;229600;0.535;0.783;7;-8.882;1;0.0473;0.00438;0.883;0.259;0.0762;175.103;0.0762;https://api.spotify.com/v1/tracks/1bqnlXOOmMHOXewfgAkSj8;4;spotify:track:1bqnlXOOmMHOXewfgAkSj8;['electro dub']
84;MG_Top100_18;85;Saez;Les enfants paradis;Les enfants paradis - Single;2016-11-10;1;41;2RvL2vf2K4j7UUQxXLUQYU;264084;0.558;0.187;4;-13.691;0;0.136;0.887;0;0.0838;0.529;99.953;0.529;https://api.spotify.com/v1/tracks/2RvL2vf2K4j7UUQxXLUQYU;3;spotify:track:2RvL2vf2K4j7UUQxXLUQYU;['french indie pop', 'french reggae', 'french rock']
85;MG_Top100_18;86;Christine and the Queens;Christine;Chaleur Humaine;2014-06-02;1;53;6tNDVXXaYWsBd3Mqhfelvl;234680;0.874;0.364;7;-10.322;1;0.0477;0.237;0.028;0.0939;0.454;100.027;0.454;https://api.spotify.com/v1/tracks/6tNDVXXaYWsBd3Mqhfelvl;4;spotify:track:6tNDVXXaYWsBd3Mqhfelvl;['art pop', 'metropopolis', 'shimmer pop']
86;MG_Top100_18;87;Feu! Chatterton;A l'aube;Feu! Chatterton - EP;2014-09-08;1;48;77Whq0zG4OqyKgUZq2FVCY;284120;0.571;0.591;5;-6.799;1;0.0334;0.0214;0.000108;0.0733;0.426;125.932;0.426;https://api.spotify.com/v1/tracks/77Whq0zG4OqyKgUZq2FVCY;4;spotify:track:77Whq0zG4OqyKgUZq2FVCY;['chanson', 'french indie pop', 'french indietronica', 'french rock']
87;MG_Top100_18;88;Therapie TAXI;Jean Paul;EP;2017-03-10;1;47;1uEmX7xBgJZmLF2IAeqkAP;166170;0.71;0.829;2;-5.542;1;0.0383;0.0338;5.35e-06;0.277;0.495;118.03;0.495;https://api.spotify.com/v1/tracks/1uEmX7xBgJZmLF2IAeqkAP;4;spotify:track:1uEmX7xBgJZmLF2IAeqkAP;['french indie pop', 'french indietronica']
88;MG_Top100_18;89;Louise Attaque;Léa;Louise Attaque;1997-04-22;1;53;709Vk4ahhCM6ENgRVTTYw6;197706;0.581;0.299;9;-9.344;0;0.0401;0.671;0;0.264;0.537;113.75;0.537;https://api.spotify.com/v1/tracks/709Vk4ahhCM6ENgRVTTYw6;4;spotify:track:709Vk4ahhCM6ENgRVTTYw6;['chanson', 'french reggae', 'french rock']
89;MG_Top100_18;90;Animal Collective;FloriDada;Painting With;2016-02-19;1;46;26WNKAgxNfg1MkhpBrx8UV;245493;0.486;0.791;1;-5.0;1;0.0601;0.214;0;0.0849;0.221;166.413;0.221;https://api.spotify.com/v1/tracks/26WNKAgxNfg1MkhpBrx8UV;4;spotify:track:26WNKAgxNfg1MkhpBrx8UV;['alternative rock', 'art pop', 'chamber pop', 'chillwave', 'dance-punk', 'dream pop', 'experimental pop', 'experimental rock', 'folk-pop', 'freak folk', 'indie folk', 'indie pop', 'indie rock', 'indietronica', 'lo-fi', 'modern rock', 'neo-psychedelic', 'new rave', 'noise pop', 'noise rock', 'nu gaze']
90;MG_Top100_18;91;Eddy de Pretto;Ego;Ego;2018-02-16;1;0;6Wycn8Z3bt755YCjN6HzNz;249946;0.703;0.45;7;-6.44;0;0.0359;0.231;0;0.0863;0.48;129.992;0.48;https://api.spotify.com/v1/tracks/6Wycn8Z3bt755YCjN6HzNz;4;spotify:track:6Wycn8Z3bt755YCjN6HzNz;['french indie pop', 'french indietronica', 'pop quebecois']
91;MG_Top100_18;92;Céline Dion;J'Irai Ou Tu Iras (with Jean-Jacques Goldman) - en duo avec Jean-Jacques Goldman;D'eux - Édition 15ème Anniversaire;1995;1;56;2dMLZBAf1mnrtviUHiwd7J;207040;0.597;0.962;7;-4.96;1;0.0922;0.235;4.12e-06;0.323;0.717;174.868;0.717;https://api.spotify.com/v1/tracks/2dMLZBAf1mnrtviUHiwd7J;4;spotify:track:2dMLZBAf1mnrtviUHiwd7J;['canadian pop', 'dance pop']
92;MG_Top100_18;93;Acid Arab;Sayarat 303;Sayarat 303;2016-09-16;1;18;52IC68em0s8nfuX1D1e44K;316493;0.448;0.812;2;-6.461;1;0.0518;0.000192;0.936;0.104;0.0699;184.475;0.0699;https://api.spotify.com/v1/tracks/52IC68em0s8nfuX1D1e44K;3;spotify:track:52IC68em0s8nfuX1D1e44K;['arab groove']
93;MG_Top100_18;94;Hollysiz;Rather Than Talking;Rather Than Talking;2017-11-17;1;40;5X63CGydtWcoOmag0U7NGw;256158;0.637;0.727;2;-4.263;0;0.0321;0.167;0.000607;0.0883;0.395;100.034;0.395;https://api.spotify.com/v1/tracks/5X63CGydtWcoOmag0U7NGw;4;spotify:track:5X63CGydtWcoOmag0U7NGw;['french indie pop']
94;MG_Top100_18;95;Queen;I Want To Break Free - Single Remix;The Works (Deluxe Edition 2011 Remaster);1984-02-27;2;79;2AkmdLbVKS1steeZdy8H1l;258013;0.795;0.435;4;-8.927;1;0.0324;0.0841;0.00026;0.0763;0.596;108.95;0.596;https://api.spotify.com/v1/tracks/2AkmdLbVKS1steeZdy8H1l;4;spotify:track:2AkmdLbVKS1steeZdy8H1l;['glam rock', 'rock']
95;MG_Top100_18;96;Portugal. The Man;The Sun;The Satanic Satanist;2009-01-01;1;47;5lfp2QjgatdihCll6tFlMA;181666;0.594;0.648;2;-6.093;0;0.0342;0.539;0;0.103;0.539;77.022;0.539;https://api.spotify.com/v1/tracks/5lfp2QjgatdihCll6tFlMA;4;spotify:track:5lfp2QjgatdihCll6tFlMA;['indie pop', 'indie rock', 'modern alternative rock', 'modern rock', 'neo-psychedelic']
96;MG_Top100_18;97;Parcels;Gamesofluck;Gamesofluck;2016-10-28;1;56;5wQ4WwvlMMk0B7EKL5RBOM;348093;0.659;0.757;9;-5.275;0;0.038;0.128;0.485;0.0859;0.553;104.997;0.553;https://api.spotify.com/v1/tracks/5wQ4WwvlMMk0B7EKL5RBOM;4;spotify:track:5wQ4WwvlMMk0B7EKL5RBOM;['aussietronica', 'french indietronica']
97;MG_Top100_18;98;Feu! Chatterton;L'oiseau;L’oiseleur;2018-03-09;1;1;1SQnSSlzxAOH4N5crbnaXu;212773;0.553;0.718;8;-8.419;1;0.056;0.197;0.000197;0.324;0.566;171.949;0.566;https://api.spotify.com/v1/tracks/1SQnSSlzxAOH4N5crbnaXu;4;spotify:track:1SQnSSlzxAOH4N5crbnaXu;['chanson', 'french indie pop', 'french indietronica', 'french rock']
98;MG_Top100_18;99;Grand Corps Malade;Les 5 sens;Funambule;2013-10-28;1;0;0SFCG69STpNO93G7V9Qb8S;215800;0.409;0.334;9;-12.902;0;0.0679;0.908;0.00021;0.107;0.193;83.935;0.193;https://api.spotify.com/v1/tracks/0SFCG69STpNO93G7V9Qb8S;4;spotify:track:0SFCG69STpNO93G7V9Qb8S;['chanson', 'french pop', 'french rock']
99;MG_Top100_18;100;Louise Attaque;Ton invitation;Louise Attaque;1997-04-22;1;54;1xsRqL4cvEaOQ5TbXpqaAV;159866;0.458;0.58;6;-7.835;0;0.0662;0.151;1.29e-06;0.282;0.628;98.405;0.628;https://api.spotify.com/v1/tracks/1xsRqL4cvEaOQ5TbXpqaAV;4;spotify:track:1xsRqL4cvEaOQ5TbXpqaAV;['chanson', 'french reggae', 'french rock']
